<?xml version="1.0" encoding="UTF-8"?>
<metadata xml:lang="en"><Esri><CreaDate>20241113</CreaDate><CreaTime>12545500</CreaTime><ArcGISFormat>1.0</ArcGISFormat><SyncOnce>FALSE</SyncOnce><DataProperties><itemProps><itemName Sync="TRUE">HD</itemName><imsContentType Sync="TRUE">002</imsContentType><itemSize Sync="TRUE">0.000</itemSize><itemLocation><linkage Sync="TRUE">file://\\DESKTOP-DA0TEMA\Usask Courses\822\Assignment\Final Report\Files\HD\HD.shp</linkage><protocol Sync="TRUE">Local Area Network</protocol></itemLocation></itemProps><coordRef><type Sync="TRUE">Projected</type><geogcsn Sync="TRUE">GCS_WGS_1984</geogcsn><csUnits Sync="TRUE">Linear Unit: Meter (1.000000)</csUnits><peXml Sync="TRUE">&lt;ProjectedCoordinateSystem xsi:type='typens:ProjectedCoordinateSystem' xmlns:xsi='http://www.w3.org/2001/XMLSchema-instance' xmlns:xs='http://www.w3.org/2001/XMLSchema' xmlns:typens='http://www.esri.com/schemas/ArcGIS/3.3.0'&gt;&lt;WKT&gt;PROJCS[&amp;quot;WGS_1984_UTM_Zone_12N&amp;quot;,GEOGCS[&amp;quot;GCS_WGS_1984&amp;quot;,DATUM[&amp;quot;D_WGS_1984&amp;quot;,SPHEROID[&amp;quot;WGS_1984&amp;quot;,6378137.0,298.257223563]],PRIMEM[&amp;quot;Greenwich&amp;quot;,0.0],UNIT[&amp;quot;Degree&amp;quot;,0.0174532925199433]],PROJECTION[&amp;quot;Transverse_Mercator&amp;quot;],PARAMETER[&amp;quot;False_Easting&amp;quot;,500000.0],PARAMETER[&amp;quot;False_Northing&amp;quot;,0.0],PARAMETER[&amp;quot;Central_Meridian&amp;quot;,-111.0],PARAMETER[&amp;quot;Scale_Factor&amp;quot;,0.9996],PARAMETER[&amp;quot;Latitude_Of_Origin&amp;quot;,0.0],UNIT[&amp;quot;Meter&amp;quot;,1.0],AUTHORITY[&amp;quot;EPSG&amp;quot;,32612]]&lt;/WKT&gt;&lt;XOrigin&gt;-5120900&lt;/XOrigin&gt;&lt;YOrigin&gt;-9998100&lt;/YOrigin&gt;&lt;XYScale&gt;450445547.3910538&lt;/XYScale&gt;&lt;ZOrigin&gt;-100000&lt;/ZOrigin&gt;&lt;ZScale&gt;10000&lt;/ZScale&gt;&lt;MOrigin&gt;-100000&lt;/MOrigin&gt;&lt;MScale&gt;10000&lt;/MScale&gt;&lt;XYTolerance&gt;0.001&lt;/XYTolerance&gt;&lt;ZTolerance&gt;0.001&lt;/ZTolerance&gt;&lt;MTolerance&gt;0.001&lt;/MTolerance&gt;&lt;HighPrecision&gt;true&lt;/HighPrecision&gt;&lt;WKID&gt;32612&lt;/WKID&gt;&lt;LatestWKID&gt;32612&lt;/LatestWKID&gt;&lt;/ProjectedCoordinateSystem&gt;</peXml><projcsn Sync="TRUE">WGS_1984_UTM_Zone_12N</projcsn></coordRef><lineage><Process ToolSource="d:\program files\arcgis\pro\Resources\ArcToolbox\toolboxes\Analysis Tools.tbx\Clip" Date="20240930" Time="192025">Clip NHN_05HC000_2_0_HD_SLWATER_1 SLPP "D:\Usask Courses\822\Data\Water Courses\WwaterCourrses.shp" #</Process><Process ToolSource="d:\program files\arcgis\pro\Resources\ArcToolbox\toolboxes\Conversion Tools.tbx\ExportFeatures" Date="20241105" Time="164326">ExportFeatures Watercourses "D:\Usask Courses\822\Data\Distance Based\Watercourses\Watercourses.shp" # NOT_USE_ALIAS "NID "NID" true true false 32 Text 0 0,First,#,Watercourses,NID,0,31;VALDATE "VALDATE" true true false 8 Text 0 0,First,#,Watercourses,VALDATE,0,7;ACQTECH "ACQTECH" true true false 5 Long 0 5,First,#,Watercourses,ACQTECH,-1,-1;DATASETNAM "DATASETNAM" true true false 50 Text 0 0,First,#,Watercourses,DATASETNAM,0,49;ACCURACY "ACCURACY" true true false 5 Long 0 5,First,#,Watercourses,ACCURACY,-1,-1;PROVIDER "PROVIDER" true true false 5 Long 0 5,First,#,Watercourses,PROVIDER,-1,-1;METACOVER "METACOVER" true true false 5 Long 0 5,First,#,Watercourses,METACOVER,-1,-1;DEFINITION "DEFINITION" true true false 5 Long 0 5,First,#,Watercourses,DEFINITION,-1,-1;TYPE_TEXT "TYPE_TEXT" true true false 100 Text 0 0,First,#,Watercourses,TYPE_TEXT,0,99;PERMANENCY "PERMANENCY" true true false 5 Long 0 5,First,#,Watercourses,PERMANENCY,-1,-1;ISOLATED "ISOLATED" true true false 5 Long 0 5,First,#,Watercourses,ISOLATED,-1,-1;GEONAMEDB "GEONAMEDB" true true false 100 Text 0 0,First,#,Watercourses,GEONAMEDB,0,99;NAMEID_1 "NAMEID_1" true true false 32 Text 0 0,First,#,Watercourses,NAMEID_1,0,31;NAMEID_2 "NAMEID_2" true true false 32 Text 0 0,First,#,Watercourses,NAMEID_2,0,31;NAME_1 "NAME_1" true true false 100 Text 0 0,First,#,Watercourses,NAME_1,0,99;NAME_2 "NAME_2" true true false 100 Text 0 0,First,#,Watercourses,NAME_2,0,99;IDDATE "IDDATE" true true false 8 Text 0 0,First,#,Watercourses,IDDATE,0,7;NAMEDATE "NAMEDATE" true true false 8 Text 0 0,First,#,Watercourses,NAMEDATE,0,7" #</Process><Process ToolSource="d:\program files\arcgis\pro\Resources\ArcToolbox\toolboxes\Data Management Tools.tbx\Project" Date="20241113" Time="125455">Project Watercourses "D:\Usask Courses\822\Assignment\Data Analysis\All the data\Water based\Watercourses\Water_Prj\Water_Prj" PROJCS["WGS_1984_UTM_Zone_12N",GEOGCS["GCS_WGS_1984",DATUM["D_WGS_1984",SPHEROID["WGS_1984",6378137.0,298.257223563]],PRIMEM["Greenwich",0.0],UNIT["Degree",0.0174532925199433]],PROJECTION["Transverse_Mercator"],PARAMETER["False_Easting",500000.0],PARAMETER["False_Northing",0.0],PARAMETER["Central_Meridian",-111.0],PARAMETER["Scale_Factor",0.9996],PARAMETER["Latitude_Of_Origin",0.0],UNIT["Meter",1.0]] NAD_1983_CSRS_To_WGS_1984_2 GEOGCS["GCS_North_American_1983_CSRS",DATUM["D_North_American_1983_CSRS",SPHEROID["GRS_1980",6378137.0,298.257222101]],PRIMEM["Greenwich",0.0],UNIT["Degree",0.0174532925199433]] NO_PRESERVE_SHAPE # NO_VERTICAL</Process><Process ToolSource="d:\program files\arcgis\pro\Resources\ArcToolbox\toolboxes\Analysis Tools.tbx\Buffer" Date="20241116" Time="223419">Buffer Water_Prj "D:\Usask Courses\822\Assignment\Data Analysis\All the data\Water based\Watercourses\Water_Layer_buffer\Water_Layer_buffer.shp" "5 Meters" Full Round "No Dissolve" # Planar</Process><Process ToolSource="d:\program files\arcgis\pro\Resources\ArcToolbox\toolboxes\Data Management Tools.tbx\Merge" Date="20241116" Time="223548">Merge Water_Layer_buffer;River_prj "D:\Usask Courses\822\Assignment\Data Analysis\All the data\Hydrological Feature\Hydrological_Feature.shp" "NID "NID" true true false 32 Text 0 0,First,#,Water_Layer_buffer,NID,0,31,River_prj,NID,0,31;VALDATE "VALDATE" true true false 8 Text 0 0,First,#,Water_Layer_buffer,VALDATE,0,7,River_prj,VALDATE,0,7;ACQTECH "ACQTECH" true true false 5 Long 0 5,First,#,Water_Layer_buffer,ACQTECH,-1,-1,River_prj,ACQTECH,-1,-1;DATASETNAM "DATASETNAM" true true false 50 Text 0 0,First,#,Water_Layer_buffer,DATASETNAM,0,49,River_prj,DATASETNAM,0,49;ACCURACY "ACCURACY" true true false 5 Long 0 5,First,#,Water_Layer_buffer,ACCURACY,-1,-1,River_prj,ACCURACY,-1,-1;PROVIDER "PROVIDER" true true false 5 Long 0 5,First,#,Water_Layer_buffer,PROVIDER,-1,-1,River_prj,PROVIDER,-1,-1;METACOVER "METACOVER" true true false 5 Long 0 5,First,#,Water_Layer_buffer,METACOVER,-1,-1,River_prj,METACOVER,-1,-1;DEFINITION "DEFINITION" true true false 5 Long 0 5,First,#,Water_Layer_buffer,DEFINITION,-1,-1,River_prj,DEFINITION,-1,-1;TYPE_TEXT "TYPE_TEXT" true true false 100 Text 0 0,First,#,Water_Layer_buffer,TYPE_TEXT,0,99,River_prj,TYPE_TEXT,0,99;PERMANENCY "PERMANENCY" true true false 5 Long 0 5,First,#,Water_Layer_buffer,PERMANENCY,-1,-1,River_prj,PERMANENCY,-1,-1;ISOLATED "ISOLATED" true true false 5 Long 0 5,First,#,Water_Layer_buffer,ISOLATED,-1,-1,River_prj,ISOLATED,-1,-1;GEONAMEDB "GEONAMEDB" true true false 100 Text 0 0,First,#,Water_Layer_buffer,GEONAMEDB,0,99,River_prj,GEONAMEDB,0,99;NAMEID_1 "NAMEID_1" true true false 32 Text 0 0,First,#,Water_Layer_buffer,NAMEID_1,0,31;NAMEID_2 "NAMEID_2" true true false 32 Text 0 0,First,#,Water_Layer_buffer,NAMEID_2,0,31;NAME_1 "NAME_1" true true false 100 Text 0 0,First,#,Water_Layer_buffer,NAME_1,0,99;NAME_2 "NAME_2" true true false 100 Text 0 0,First,#,Water_Layer_buffer,NAME_2,0,99;IDDATE "IDDATE" true true false 8 Text 0 0,First,#,Water_Layer_buffer,IDDATE,0,7,River_prj,IDDATE,0,7;NAMEDATE "NAMEDATE" true true false 8 Text 0 0,First,#,Water_Layer_buffer,NAMEDATE,0,7,River_prj,NAMEDATE,0,7;BUFF_DIST "BUFF_DIST" true true false 19 Double 0 0,First,#,Water_Layer_buffer,BUFF_DIST,-1,-1;ORIG_FID "ORIG_FID" true true false 10 Long 0 10,First,#,Water_Layer_buffer,ORIG_FID,-1,-1;LAKEID_1 "LAKEID_1" true true false 32 Text 0 0,First,#,River_prj,LAKEID_1,0,31;LAKEID_2 "LAKEID_2" true true false 32 Text 0 0,First,#,River_prj,LAKEID_2,0,31;RIVID_1 "RIVID_1" true true false 32 Text 0 0,First,#,River_prj,RIVID_1,0,31;RIVID_2 "RIVID_2" true true false 32 Text 0 0,First,#,River_prj,RIVID_2,0,31;LAKENAME_1 "LAKENAME_1" true true false 100 Text 0 0,First,#,River_prj,LAKENAME_1,0,99;LAKENAME_2 "LAKENAME_2" true true false 100 Text 0 0,First,#,River_prj,LAKENAME_2,0,99;RIVNAME_1 "RIVNAME_1" true true false 100 Text 0 0,First,#,River_prj,RIVNAME_1,0,99;RIVNAME_2 "RIVNAME_2" true true false 100 Text 0 0,First,#,River_prj,RIVNAME_2,0,99" NO_SOURCE_INFO</Process><Process ToolSource="d:\program files\arcgis\pro\Resources\ArcToolbox\toolboxes\Conversion Tools.tbx\ExportFeatures" Date="20241210" Time="013006">ExportFeatures Hydrological_Feature "D:\Usask Courses\822\Assignment\Final Report\Files\HD\HD.shp" # NOT_USE_ALIAS "NID "NID" true true false 32 Text 0 0,First,#,Hydrological_Feature,NID,0,31;VALDATE "VALDATE" true true false 8 Text 0 0,First,#,Hydrological_Feature,VALDATE,0,7;ACQTECH "ACQTECH" true true false 5 Long 0 5,First,#,Hydrological_Feature,ACQTECH,-1,-1;DATASETNAM "DATASETNAM" true true false 50 Text 0 0,First,#,Hydrological_Feature,DATASETNAM,0,49;ACCURACY "ACCURACY" true true false 5 Long 0 5,First,#,Hydrological_Feature,ACCURACY,-1,-1;PROVIDER "PROVIDER" true true false 5 Long 0 5,First,#,Hydrological_Feature,PROVIDER,-1,-1;METACOVER "METACOVER" true true false 5 Long 0 5,First,#,Hydrological_Feature,METACOVER,-1,-1;DEFINITION "DEFINITION" true true false 5 Long 0 5,First,#,Hydrological_Feature,DEFINITION,-1,-1;TYPE_TEXT "TYPE_TEXT" true true false 100 Text 0 0,First,#,Hydrological_Feature,TYPE_TEXT,0,99;PERMANENCY "PERMANENCY" true true false 5 Long 0 5,First,#,Hydrological_Feature,PERMANENCY,-1,-1;ISOLATED "ISOLATED" true true false 5 Long 0 5,First,#,Hydrological_Feature,ISOLATED,-1,-1;GEONAMEDB "GEONAMEDB" true true false 100 Text 0 0,First,#,Hydrological_Feature,GEONAMEDB,0,99;NAMEID_1 "NAMEID_1" true true false 32 Text 0 0,First,#,Hydrological_Feature,NAMEID_1,0,31;NAMEID_2 "NAMEID_2" true true false 32 Text 0 0,First,#,Hydrological_Feature,NAMEID_2,0,31;NAME_1 "NAME_1" true true false 100 Text 0 0,First,#,Hydrological_Feature,NAME_1,0,99;NAME_2 "NAME_2" true true false 100 Text 0 0,First,#,Hydrological_Feature,NAME_2,0,99;IDDATE "IDDATE" true true false 8 Text 0 0,First,#,Hydrological_Feature,IDDATE,0,7;NAMEDATE "NAMEDATE" true true false 8 Text 0 0,First,#,Hydrological_Feature,NAMEDATE,0,7;BUFF_DIST "BUFF_DIST" true true false 19 Double 0 0,First,#,Hydrological_Feature,BUFF_DIST,-1,-1;ORIG_FID "ORIG_FID" true true false 10 Long 0 10,First,#,Hydrological_Feature,ORIG_FID,-1,-1;LAKEID_1 "LAKEID_1" true true false 32 Text 0 0,First,#,Hydrological_Feature,LAKEID_1,0,31;LAKEID_2 "LAKEID_2" true true false 32 Text 0 0,First,#,Hydrological_Feature,LAKEID_2,0,31;RIVID_1 "RIVID_1" true true false 32 Text 0 0,First,#,Hydrological_Feature,RIVID_1,0,31;RIVID_2 "RIVID_2" true true false 32 Text 0 0,First,#,Hydrological_Feature,RIVID_2,0,31;LAKENAME_1 "LAKENAME_1" true true false 100 Text 0 0,First,#,Hydrological_Feature,LAKENAME_1,0,99;LAKENAME_2 "LAKENAME_2" true true false 100 Text 0 0,First,#,Hydrological_Feature,LAKENAME_2,0,99;RIVNAME_1 "RIVNAME_1" true true false 100 Text 0 0,First,#,Hydrological_Feature,RIVNAME_1,0,99;RIVNAME_2 "RIVNAME_2" true true false 100 Text 0 0,First,#,Hydrological_Feature,RIVNAME_2,0,99" #</Process></lineage><LayerFile>{"type":"CIMLayerDocument","version":"3.3.0","build":52636,"layers":["CIMPATH=map/water_layer_buffer.json"],"layerDefinitions":[{"type":"CIMFeatureLayer","name":"Water_Layer_buffer","uRI":"CIMPATH=map/water_layer_buffer.json","sourceModifiedTime":{"type":"TimeInstant"},"useSourceMetadata":true,"description":"Water_Layer_buffer","layerElevation":{"type":"CIMLayerElevationSurface","elevationSurfaceLayerURI":"CIMPATH=c1f851bb4b0945b5b9937b0319a259e0.json"},"expanded":true,"layerType":"Operational","showLegends":true,"visibility":true,"displayCacheType":"Permanent","maxDisplayCacheAge":5,"showPopups":true,"serviceLayerID":-1,"refreshRate":-1,"refreshRateUnit":"esriTimeUnitsSeconds","blendingMode":"Alpha","allowDrapingOnIntegratedMesh":true,"autoGenerateFeatureTemplates":true,"featureElevationExpression":"0","featureTable":{"type":"CIMFeatureTable","displayField":"GEONAMEDB","editable":true,"dataConnection":{"type":"CIMStandardDataConnection"},"studyAreaSpatialRel":"esriSpatialRelUndefined","searchOrder":"esriSearchOrderSpatial"},"htmlPopupEnabled":true,"selectable":true,"featureCacheType":"Session","displayFiltersType":"ByScale","featureBlendingMode":"Alpha","layerEffectsMode":"Layer","labelClasses":[{"type":"CIMLabelClass","expression":"$feature.OBJECTID","expressionEngine":"Arcade","featuresToLabel":"AllVisibleFeatures","maplexLabelPlacementProperties":{"type":"CIMMaplexLabelPlacementProperties","featureType":"Polygon","avoidPolygonHoles":true,"canOverrunFeature":true,"canPlaceLabelOutsidePolygon":true,"canRemoveOverlappingLabel":true,"canStackLabel":true,"centerLabelAnchorType":"Symbol","connectionType":"Unambiguous","constrainOffset":"NoConstraint","contourAlignmentType":"Page","contourLadderType":"Straight","contourMaximumAngle":90,"enableConnection":true,"featureWeight":0,"fontHeightReductionLimit":4,"fontHeightReductionStep":0.5,"fontWidthReductionLimit":90,"fontWidthReductionStep":5,"graticuleAlignmentType":"Straight","keyNumberGroupName":"Default","labelBuffer":15,"labelLargestPolygon":false,"labelPriority":-1,"labelStackingProperties":{"type":"CIMMaplexLabelStackingProperties","stackAlignment":"ChooseBest","maximumNumberOfLines":3,"minimumNumberOfCharsPerLine":3,"maximumNumberOfCharsPerLine":24,"separators":[{"type":"CIMMaplexStackingSeparator","separator":" ","splitAfter":true},{"type":"CIMMaplexStackingSeparator","separator":",","visible":true,"splitAfter":true}],"trimStackingSeparators":true},"lineFeatureType":"General","linePlacementMethod":"OffsetCurvedFromLine","maximumLabelOverrun":80,"maximumLabelOverrunUnit":"Point","minimumFeatureSizeUnit":"Map","multiPartOption":"OneLabelPerPart","offsetAlongLineProperties":{"type":"CIMMaplexOffsetAlongLineProperties","placementMethod":"BestPositionAlongLine","labelAnchorPoint":"CenterOfLabel","distanceUnit":"Percentage","useLineDirection":true},"pointExternalZonePriorities":{"type":"CIMMaplexExternalZonePriorities","aboveLeft":4,"aboveCenter":2,"aboveRight":1,"centerRight":3,"belowRight":5,"belowCenter":7,"belowLeft":8,"centerLeft":6},"pointPlacementMethod":"AroundPoint","polygonAnchorPointType":"GeometricCenter","polygonBoundaryWeight":0,"polygonExternalZones":{"type":"CIMMaplexExternalZonePriorities","aboveLeft":4,"aboveCenter":2,"aboveRight":1,"centerRight":3,"belowRight":5,"belowCenter":7,"belowLeft":8,"centerLeft":6},"polygonFeatureType":"General","polygonInternalZones":{"type":"CIMMaplexInternalZonePriorities","center":1},"polygonPlacementMethod":"HorizontalInPolygon","primaryOffset":1,"primaryOffsetUnit":"Point","removeAmbiguousLabels":"All","removeExtraWhiteSpace":true,"repetitionIntervalUnit":"Map","rotationProperties":{"type":"CIMMaplexRotationProperties","rotationType":"Arithmetic","alignmentType":"Straight"},"secondaryOffset":100,"secondaryOffsetUnit":"Percentage","strategyPriorities":{"type":"CIMMaplexStrategyPriorities","stacking":1,"overrun":2,"fontCompression":3,"fontReduction":4,"abbreviation":5},"thinningDistanceUnit":"Point","truncationMarkerCharacter":".","truncationMinimumLength":1,"truncationPreferredCharacters":"aeiou","polygonAnchorPointPerimeterInsetUnit":"Point"},"name":"Class 1","priority":-1,"standardLabelPlacementProperties":{"type":"CIMStandardLabelPlacementProperties","featureType":"Line","featureWeight":"Low","labelWeight":"High","numLabelsOption":"OneLabelPerName","lineLabelPosition":{"type":"CIMStandardLineLabelPosition","above":true,"inLine":true,"parallel":true},"lineLabelPriorities":{"type":"CIMStandardLineLabelPriorities","aboveStart":3,"aboveAlong":3,"aboveEnd":3,"centerStart":3,"centerAlong":3,"centerEnd":3,"belowStart":3,"belowAlong":3,"belowEnd":3},"pointPlacementMethod":"AroundPoint","pointPlacementPriorities":{"type":"CIMStandardPointPlacementPriorities","aboveLeft":2,"aboveCenter":2,"aboveRight":1,"centerLeft":3,"centerRight":2,"belowLeft":3,"belowCenter":3,"belowRight":2},"rotationType":"Arithmetic","polygonPlacementMethod":"AlwaysHorizontal"},"textSymbol":{"type":"CIMSymbolReference","symbol":{"type":"CIMTextSymbol","blockProgression":"TTB","depth3D":1,"extrapolateBaselines":true,"fontEffects":"Normal","fontEncoding":"Unicode","fontFamilyName":"Tahoma","fontStyleName":"Regular","fontType":"Unspecified","haloSize":1,"height":10,"hinting":"Default","horizontalAlignment":"Left","kerning":true,"letterWidth":100,"ligatures":true,"lineGapType":"ExtraLeading","symbol":{"type":"CIMPolygonSymbol","symbolLayers":[{"type":"CIMSolidFill","enable":true,"color":{"type":"CIMRGBColor","values":[0,0,0,100]}}],"angleAlignment":"Map"},"textCase":"Normal","textDirection":"LTR","verticalAlignment":"Bottom","verticalGlyphOrientation":"Right","wordSpacing":100,"billboardMode3D":"FaceNearPlane"}},"useCodedValue":true,"visibility":true,"iD":-1}],"renderer":{"type":"CIMSimpleRenderer","sampleSize":10000,"patch":"Default","symbol":{"type":"CIMSymbolReference","symbol":{"type":"CIMPolygonSymbol","symbolLayers":[{"type":"CIMSolidStroke","enable":true,"colorLocked":true,"capStyle":"Butt","joinStyle":"Round","lineStyle3D":"Strip","miterLimit":10,"width":1,"height3D":1,"anchor3D":"Center","color":{"type":"CIMRGBColor","values":[110,110,110,100]}},{"type":"CIMSolidFill","enable":true,"color":{"type":"CIMRGBColor","values":[0,100,255,36.862743377685547]}}],"angleAlignment":"Map"}}},"scaleSymbols":true,"snappable":true}]}</LayerFile></DataProperties><SyncDate>20241210</SyncDate><SyncTime>01300600</SyncTime><ModDate>20241210</ModDate><ModTime>01300600</ModTime></Esri><dataIdInfo><envirDesc Sync="TRUE">Microsoft Windows 10 Version 10.0 (Build 22631) ; Esri ArcGIS 13.3.0.52636</envirDesc><dataLang><languageCode value="eng" Sync="TRUE"></languageCode><countryCode value="USA" Sync="TRUE"></countryCode></dataLang><idCitation><resTitle Sync="TRUE">HD</resTitle><presForm><PresFormCd value="005" Sync="TRUE"></PresFormCd></presForm></idCitation><spatRpType><SpatRepTypCd value="001" Sync="TRUE"></SpatRepTypCd></spatRpType></dataIdInfo><mdLang><languageCode value="eng" Sync="TRUE"></languageCode><countryCode value="USA" Sync="TRUE"></countryCode></mdLang><mdChar><CharSetCd value="004" Sync="TRUE"></CharSetCd></mdChar><distInfo><distFormat><formatName Sync="TRUE">Shapefile</formatName></distFormat><distTranOps><transSize Sync="TRUE">0.000</transSize></distTranOps></distInfo><mdHrLv><ScopeCd value="005" Sync="TRUE"></ScopeCd></mdHrLv><mdHrLvName Sync="TRUE">dataset</mdHrLvName><refSysInfo><RefSystem><refSysID><identCode code="32612" Sync="TRUE"></identCode><idCodeSpace Sync="TRUE">EPSG</idCodeSpace><idVersion Sync="TRUE">9.8.8(3.0.1)</idVersion></refSysID></RefSystem></refSysInfo><spatRepInfo><VectSpatRep><geometObjs Name="HD"><geoObjTyp><GeoObjTypCd value="002" Sync="TRUE"></GeoObjTypCd></geoObjTyp><geoObjCnt Sync="TRUE">0</geoObjCnt></geometObjs><topLvl><TopoLevCd value="001" Sync="TRUE"></TopoLevCd></topLvl></VectSpatRep></spatRepInfo><spdoinfo><ptvctinf><esriterm Name="HD"><efeatyp Sync="TRUE">Simple</efeatyp><efeageom code="4" Sync="TRUE"></efeageom><esritopo Sync="TRUE">FALSE</esritopo><efeacnt Sync="TRUE">0</efeacnt><spindex Sync="TRUE">FALSE</spindex><linrefer Sync="TRUE">TRUE</linrefer></esriterm></ptvctinf></spdoinfo><eainfo><detailed Name="HD"><enttyp><enttypl Sync="TRUE">HD</enttypl><enttypt Sync="TRUE">Feature Class</enttypt><enttypc Sync="TRUE">0</enttypc></enttyp><attr><attrlabl Sync="TRUE">FID</attrlabl><attalias Sync="TRUE">FID</attalias><attrtype Sync="TRUE">OID</attrtype><attwidth Sync="TRUE">4</attwidth><atprecis Sync="TRUE">0</atprecis><attscale Sync="TRUE">0</attscale><attrdef Sync="TRUE">Internal feature number.</attrdef><attrdefs Sync="TRUE">Esri</attrdefs><attrdomv><udom Sync="TRUE">Sequential unique whole numbers that are automatically generated.</udom></attrdomv></attr><attr><attrlabl Sync="TRUE">Shape</attrlabl><attalias Sync="TRUE">Shape</attalias><attrtype Sync="TRUE">Geometry</attrtype><attwidth Sync="TRUE">0</attwidth><atprecis Sync="TRUE">0</atprecis><attscale Sync="TRUE">0</attscale><attrdef Sync="TRUE">Feature geometry.</attrdef><attrdefs Sync="TRUE">Esri</attrdefs><attrdomv><udom Sync="TRUE">Coordinates defining the features.</udom></attrdomv></attr><attr><attrlabl Sync="TRUE">NID</attrlabl><attalias Sync="TRUE">NID</attalias><attrtype Sync="TRUE">String</attrtype><attwidth Sync="TRUE">32</attwidth><atprecis Sync="TRUE">0</atprecis><attscale Sync="TRUE">0</attscale></attr><attr><attrlabl Sync="TRUE">VALDATE</attrlabl><attalias Sync="TRUE">VALDATE</attalias><attrtype Sync="TRUE">String</attrtype><attwidth Sync="TRUE">8</attwidth><atprecis Sync="TRUE">0</atprecis><attscale Sync="TRUE">0</attscale></attr><attr><attrlabl Sync="TRUE">ACQTECH</attrlabl><attalias Sync="TRUE">ACQTECH</attalias><attrtype Sync="TRUE">Integer</attrtype><attwidth Sync="TRUE">5</attwidth><atprecis Sync="TRUE">5</atprecis><attscale Sync="TRUE">0</attscale></attr><attr><attrlabl Sync="TRUE">DATASETNAM</attrlabl><attalias Sync="TRUE">DATASETNAM</attalias><attrtype Sync="TRUE">String</attrtype><attwidth Sync="TRUE">50</attwidth><atprecis Sync="TRUE">0</atprecis><attscale Sync="TRUE">0</attscale></attr><attr><attrlabl Sync="TRUE">ACCURACY</attrlabl><attalias Sync="TRUE">ACCURACY</attalias><attrtype Sync="TRUE">Integer</attrtype><attwidth Sync="TRUE">5</attwidth><atprecis Sync="TRUE">5</atprecis><attscale Sync="TRUE">0</attscale></attr><attr><attrlabl Sync="TRUE">PROVIDER</attrlabl><attalias Sync="TRUE">PROVIDER</attalias><attrtype Sync="TRUE">Integer</attrtype><attwidth Sync="TRUE">5</attwidth><atprecis Sync="TRUE">5</atprecis><attscale Sync="TRUE">0</attscale></attr><attr><attrlabl Sync="TRUE">METACOVER</attrlabl><attalias Sync="TRUE">METACOVER</attalias><attrtype Sync="TRUE">Integer</attrtype><attwidth Sync="TRUE">5</attwidth><atprecis Sync="TRUE">5</atprecis><attscale Sync="TRUE">0</attscale></attr><attr><attrlabl Sync="TRUE">DEFINITION</attrlabl><attalias Sync="TRUE">DEFINITION</attalias><attrtype Sync="TRUE">Integer</attrtype><attwidth Sync="TRUE">5</attwidth><atprecis Sync="TRUE">5</atprecis><attscale Sync="TRUE">0</attscale></attr><attr><attrlabl Sync="TRUE">TYPE_TEXT</attrlabl><attalias Sync="TRUE">TYPE_TEXT</attalias><attrtype Sync="TRUE">String</attrtype><attwidth Sync="TRUE">100</attwidth><atprecis Sync="TRUE">0</atprecis><attscale Sync="TRUE">0</attscale></attr><attr><attrlabl Sync="TRUE">PERMANENCY</attrlabl><attalias Sync="TRUE">PERMANENCY</attalias><attrtype Sync="TRUE">Integer</attrtype><attwidth Sync="TRUE">5</attwidth><atprecis Sync="TRUE">5</atprecis><attscale Sync="TRUE">0</attscale></attr><attr><attrlabl Sync="TRUE">ISOLATED</attrlabl><attalias Sync="TRUE">ISOLATED</attalias><attrtype Sync="TRUE">Integer</attrtype><attwidth Sync="TRUE">5</attwidth><atprecis Sync="TRUE">5</atprecis><attscale Sync="TRUE">0</attscale></attr><attr><attrlabl Sync="TRUE">GEONAMEDB</attrlabl><attalias Sync="TRUE">GEONAMEDB</attalias><attrtype Sync="TRUE">String</attrtype><attwidth Sync="TRUE">100</attwidth><atprecis Sync="TRUE">0</atprecis><attscale Sync="TRUE">0</attscale></attr><attr><attrlabl Sync="TRUE">NAMEID_1</attrlabl><attalias Sync="TRUE">NAMEID_1</attalias><attrtype Sync="TRUE">String</attrtype><attwidth Sync="TRUE">32</attwidth><atprecis Sync="TRUE">0</atprecis><attscale Sync="TRUE">0</attscale></attr><attr><attrlabl Sync="TRUE">NAMEID_2</attrlabl><attalias Sync="TRUE">NAMEID_2</attalias><attrtype Sync="TRUE">String</attrtype><attwidth Sync="TRUE">32</attwidth><atprecis Sync="TRUE">0</atprecis><attscale Sync="TRUE">0</attscale></attr><attr><attrlabl Sync="TRUE">NAME_1</attrlabl><attalias Sync="TRUE">NAME_1</attalias><attrtype Sync="TRUE">String</attrtype><attwidth Sync="TRUE">100</attwidth><atprecis Sync="TRUE">0</atprecis><attscale Sync="TRUE">0</attscale></attr><attr><attrlabl Sync="TRUE">NAME_2</attrlabl><attalias Sync="TRUE">NAME_2</attalias><attrtype Sync="TRUE">String</attrtype><attwidth Sync="TRUE">100</attwidth><atprecis Sync="TRUE">0</atprecis><attscale Sync="TRUE">0</attscale></attr><attr><attrlabl Sync="TRUE">IDDATE</attrlabl><attalias Sync="TRUE">IDDATE</attalias><attrtype Sync="TRUE">String</attrtype><attwidth Sync="TRUE">8</attwidth><atprecis Sync="TRUE">0</atprecis><attscale Sync="TRUE">0</attscale></attr><attr><attrlabl Sync="TRUE">NAMEDATE</attrlabl><attalias Sync="TRUE">NAMEDATE</attalias><attrtype Sync="TRUE">String</attrtype><attwidth Sync="TRUE">8</attwidth><atprecis Sync="TRUE">0</atprecis><attscale Sync="TRUE">0</attscale></attr><attr><attrlabl Sync="TRUE">BUFF_DIST</attrlabl><attalias Sync="TRUE">BUFF_DIST</attalias><attrtype Sync="TRUE">Double</attrtype><attwidth Sync="TRUE">19</attwidth><atprecis Sync="TRUE">0</atprecis><attscale Sync="TRUE">0</attscale></attr><attr><attrlabl Sync="TRUE">ORIG_FID</attrlabl><attalias Sync="TRUE">ORIG_FID</attalias><attrtype Sync="TRUE">Integer</attrtype><attwidth Sync="TRUE">10</attwidth><atprecis Sync="TRUE">10</atprecis><attscale Sync="TRUE">0</attscale></attr><attr><attrlabl Sync="TRUE">LAKEID_1</attrlabl><attalias Sync="TRUE">LAKEID_1</attalias><attrtype Sync="TRUE">String</attrtype><attwidth Sync="TRUE">32</attwidth><atprecis Sync="TRUE">0</atprecis><attscale Sync="TRUE">0</attscale></attr><attr><attrlabl Sync="TRUE">LAKEID_2</attrlabl><attalias Sync="TRUE">LAKEID_2</attalias><attrtype Sync="TRUE">String</attrtype><attwidth Sync="TRUE">32</attwidth><atprecis Sync="TRUE">0</atprecis><attscale Sync="TRUE">0</attscale></attr><attr><attrlabl Sync="TRUE">RIVID_1</attrlabl><attalias Sync="TRUE">RIVID_1</attalias><attrtype Sync="TRUE">String</attrtype><attwidth Sync="TRUE">32</attwidth><atprecis Sync="TRUE">0</atprecis><attscale Sync="TRUE">0</attscale></attr><attr><attrlabl Sync="TRUE">RIVID_2</attrlabl><attalias Sync="TRUE">RIVID_2</attalias><attrtype Sync="TRUE">String</attrtype><attwidth Sync="TRUE">32</attwidth><atprecis Sync="TRUE">0</atprecis><attscale Sync="TRUE">0</attscale></attr><attr><attrlabl Sync="TRUE">LAKENAME_1</attrlabl><attalias Sync="TRUE">LAKENAME_1</attalias><attrtype Sync="TRUE">String</attrtype><attwidth Sync="TRUE">100</attwidth><atprecis Sync="TRUE">0</atprecis><attscale Sync="TRUE">0</attscale></attr><attr><attrlabl Sync="TRUE">LAKENAME_2</attrlabl><attalias Sync="TRUE">LAKENAME_2</attalias><attrtype Sync="TRUE">String</attrtype><attwidth Sync="TRUE">100</attwidth><atprecis Sync="TRUE">0</atprecis><attscale Sync="TRUE">0</attscale></attr><attr><attrlabl Sync="TRUE">RIVNAME_1</attrlabl><attalias Sync="TRUE">RIVNAME_1</attalias><attrtype Sync="TRUE">String</attrtype><attwidth Sync="TRUE">100</attwidth><atprecis Sync="TRUE">0</atprecis><attscale Sync="TRUE">0</attscale></attr><attr><attrlabl Sync="TRUE">RIVNAME_2</attrlabl><attalias Sync="TRUE">RIVNAME_2</attalias><attrtype Sync="TRUE">String</attrtype><attwidth Sync="TRUE">100</attwidth><atprecis Sync="TRUE">0</atprecis><attscale Sync="TRUE">0</attscale></attr></detailed></eainfo><mdDateSt Sync="TRUE">20241210</mdDateSt></metadata>
